elapsed_sec,role,container,state,cpu_pct,cpu_cores_used,mem_anon_bytes,mem_cache_bytes,mem_limit_bytes,mem_pct_of_limit
2.69,kafka,obsrv-kafka,running,,,435933184,346198016,,
2.69,zookeeper,obsrv-zookeeper,running,,,128245760,2273280,,
2.69,postgres,obsrv-postgres,running,,,31830016,59293696,,
2.69,druid,obsrv-druid,running,,,3320766464,12042240,,
2.69,up_jobmanager,obsrv-unified-pipeline-jobmanager,running,,,582467584,21528576,,
2.69,up_taskmanager,obsrv-unified-pipeline-taskmanager,running,,,613990400,21614592,,
2.69,ci_jobmanager,obsrv-cache-indexer-jobmanager,running,,,565063680,22978560,,
2.69,ci_taskmanager,obsrv-cache-indexer-taskmanager,running,,,699719680,22069248,,
2.69,valkey_dedup,obsrv-valkey-dedup,running,,,11489280,1400832,,
2.69,valkey_denorm,obsrv-valkey-denorm,running,,,9928704,1622016,,
2.69,dataset_api,obsrv-dataset-api,running,,,397770752,14581760,,
2.69,command_api,obsrv-command-api,running,,,78917632,46215168,,
2.69,web_console,obsrv-web-console,running,,,285339648,1171456,,
2.69,keycloak,obsrv-keycloak,running,,,575160320,9969664,,
2.69,nginx,obsrv-nginx,running,,,1732608,143360,,
2.69,prometheus,obsrv-prometheus,running,,,311758848,18907136,,
11.38,kafka,obsrv-kafka,running,33.21,0.332,435933184,346198016,,
11.38,zookeeper,obsrv-zookeeper,running,1.23,0.012,128249856,2273280,,
11.38,postgres,obsrv-postgres,running,3.08,0.031,34471936,59322368,,
11.38,druid,obsrv-druid,running,11.36,0.114,3320774656,12042240,,
11.38,up_jobmanager,obsrv-unified-pipeline-jobmanager,running,20.28,0.203,583315456,21528576,,
11.38,up_taskmanager,obsrv-unified-pipeline-taskmanager,running,167.32,1.673,712642560,21618688,,
11.38,ci_jobmanager,obsrv-cache-indexer-jobmanager,running,6.55,0.065,565317632,22978560,,
11.38,ci_taskmanager,obsrv-cache-indexer-taskmanager,running,9.25,0.093,700071936,22069248,,
11.38,valkey_dedup,obsrv-valkey-dedup,running,0.78,0.008,11485184,1400832,,
11.38,valkey_denorm,obsrv-valkey-denorm,running,0.79,0.008,9928704,1622016,,
11.38,dataset_api,obsrv-dataset-api,running,7.31,0.073,397770752,14581760,,
11.38,command_api,obsrv-command-api,running,4.39,0.044,78950400,46215168,,
11.38,web_console,obsrv-web-console,running,3.64,0.036,285343744,1171456,,
11.38,keycloak,obsrv-keycloak,running,1.96,0.02,575156224,9969664,,
11.38,nginx,obsrv-nginx,running,0.62,0.006,1732608,143360,,
11.38,prometheus,obsrv-prometheus,running,1.06,0.011,311762944,18907136,,
20.29,kafka,obsrv-kafka,running,22.02,0.22,486019072,346320896,,
20.29,zookeeper,obsrv-zookeeper,running,1.1,0.011,128253952,2273280,,
20.29,postgres,obsrv-postgres,running,4.01,0.04,31744000,59334656,,
20.29,druid,obsrv-druid,running,22.86,0.229,3320971264,12091392,,
20.29,up_jobmanager,obsrv-unified-pipeline-jobmanager,running,29.09,0.291,583958528,21528576,,
20.29,up_taskmanager,obsrv-unified-pipeline-taskmanager,running,123.86,1.239,767561728,21901312,,
20.29,ci_jobmanager,obsrv-cache-indexer-jobmanager,running,10.25,0.103,565747712,22978560,,
20.29,ci_taskmanager,obsrv-cache-indexer-taskmanager,running,16.29,0.163,700833792,22069248,,
20.29,valkey_dedup,obsrv-valkey-dedup,running,1.18,0.012,11485184,1400832,,
20.29,valkey_denorm,obsrv-valkey-denorm,running,0.87,0.009,9932800,1622016,,
20.29,dataset_api,obsrv-dataset-api,running,11.13,0.111,397770752,14581760,,
20.29,command_api,obsrv-command-api,running,3.99,0.04,78954496,46215168,,
20.29,web_console,obsrv-web-console,running,4.53,0.045,285343744,1171456,,
20.29,keycloak,obsrv-keycloak,running,4.95,0.049,575184896,9969664,,
20.29,nginx,obsrv-nginx,running,0.44,0.004,1732608,143360,,
20.29,prometheus,obsrv-prometheus,running,6.25,0.062,323989504,19279872,,
33.4,kafka,obsrv-kafka,running,28.71,0.287,435929088,346619904,,
33.4,zookeeper,obsrv-zookeeper,running,1.64,0.016,128253952,2273280,,
33.4,postgres,obsrv-postgres,running,4.48,0.045,32014336,59351040,,
33.4,druid,obsrv-druid,running,16.79,0.168,3320909824,12091392,,
33.4,up_jobmanager,obsrv-unified-pipeline-jobmanager,running,34.91,0.349,587087872,21528576,,
33.4,up_taskmanager,obsrv-unified-pipeline-taskmanager,running,129.6,1.296,781504512,21901312,,
33.4,ci_jobmanager,obsrv-cache-indexer-jobmanager,running,8.4,0.084,565993472,22978560,,
33.4,ci_taskmanager,obsrv-cache-indexer-taskmanager,running,18.53,0.185,701394944,22069248,,
33.4,valkey_dedup,obsrv-valkey-dedup,running,1.16,0.012,11493376,1400832,,
33.4,valkey_denorm,obsrv-valkey-denorm,running,1.07,0.011,9932800,1622016,,
33.4,dataset_api,obsrv-dataset-api,running,8.15,0.081,397774848,14581760,,
33.4,command_api,obsrv-command-api,running,3.33,0.033,78954496,46215168,,
33.4,web_console,obsrv-web-console,running,3.59,0.036,285347840,1171456,,
33.4,keycloak,obsrv-keycloak,running,1.02,0.01,575188992,9969664,,
33.4,nginx,obsrv-nginx,running,0.45,0.004,1728512,143360,,
33.4,prometheus,obsrv-prometheus,running,0.97,0.01,324001792,19283968,,
41.86,kafka,obsrv-kafka,running,40.93,0.409,435929088,347869184,,
41.86,zookeeper,obsrv-zookeeper,running,1.06,0.011,128249856,2273280,,
41.86,postgres,obsrv-postgres,running,1.37,0.014,32010240,59351040,,
41.86,druid,obsrv-druid,running,17.93,0.179,3320926208,12091392,,
41.86,up_jobmanager,obsrv-unified-pipeline-jobmanager,running,12.6,0.126,587665408,21528576,,
41.86,up_taskmanager,obsrv-unified-pipeline-taskmanager,running,178.77,1.788,794775552,21901312,,
41.86,ci_jobmanager,obsrv-cache-indexer-jobmanager,running,7.02,0.07,566087680,22978560,,
41.86,ci_taskmanager,obsrv-cache-indexer-taskmanager,running,7.25,0.072,701562880,22069248,,
41.86,valkey_dedup,obsrv-valkey-dedup,running,1.51,0.015,11493376,1400832,,
41.86,valkey_denorm,obsrv-valkey-denorm,running,1.23,0.012,9928704,1622016,,
41.86,dataset_api,obsrv-dataset-api,running,7.61,0.076,397770752,14581760,,
41.86,command_api,obsrv-command-api,running,3.0,0.03,78950400,46215168,,
41.86,web_console,obsrv-web-console,running,3.39,0.034,285347840,1171456,,
41.86,keycloak,obsrv-keycloak,running,0.72,0.007,575188992,9969664,,
41.86,nginx,obsrv-nginx,running,0.57,0.006,1728512,143360,,
41.86,prometheus,obsrv-prometheus,running,1.0,0.01,324005888,19283968,,
50.96,kafka,obsrv-kafka,running,39.14,0.391,497426432,349745152,,
50.96,zookeeper,obsrv-zookeeper,running,1.0,0.01,128249856,2273280,,
50.96,postgres,obsrv-postgres,running,2.18,0.022,31993856,59359232,,
50.96,druid,obsrv-druid,running,21.61,0.216,3323113472,12091392,,
50.96,up_jobmanager,obsrv-unified-pipeline-jobmanager,running,24.91,0.249,587993088,21528576,,
50.96,up_taskmanager,obsrv-unified-pipeline-taskmanager,running,134.6,1.346,796790784,21901312,,
50.96,ci_jobmanager,obsrv-cache-indexer-jobmanager,running,15.16,0.152,566808576,22978560,,
50.96,ci_taskmanager,obsrv-cache-indexer-taskmanager,running,13.57,0.136,702386176,22069248,,
50.96,valkey_dedup,obsrv-valkey-dedup,running,1.11,0.011,11485184,1400832,,
50.96,valkey_denorm,obsrv-valkey-denorm,running,1.04,0.01,9924608,1622016,,
50.96,dataset_api,obsrv-dataset-api,running,8.28,0.083,397770752,14581760,,
50.96,command_api,obsrv-command-api,running,3.73,0.037,78958592,46215168,,
50.96,web_console,obsrv-web-console,running,2.99,0.03,285347840,1171456,,
50.96,keycloak,obsrv-keycloak,running,0.81,0.008,575184896,9969664,,
50.96,nginx,obsrv-nginx,running,0.58,0.006,1732608,143360,,
50.96,prometheus,obsrv-prometheus,running,3.61,0.036,324018176,19296256,,
59.74,kafka,obsrv-kafka,running,24.71,0.247,435929088,350208000,,
59.74,zookeeper,obsrv-zookeeper,running,1.28,0.013,128249856,2273280,,
59.74,postgres,obsrv-postgres,running,2.63,0.026,32002048,59359232,,
59.74,druid,obsrv-druid,running,13.74,0.137,3323125760,12091392,,
59.74,up_jobmanager,obsrv-unified-pipeline-jobmanager,running,12.36,0.124,588173312,21528576,,
59.74,up_taskmanager,obsrv-unified-pipeline-taskmanager,running,146.32,1.463,803000320,21901312,,
59.74,ci_jobmanager,obsrv-cache-indexer-jobmanager,running,5.73,0.057,566837248,22978560,,
59.74,ci_taskmanager,obsrv-cache-indexer-taskmanager,running,14.47,0.145,702676992,22069248,,
59.74,valkey_dedup,obsrv-valkey-dedup,running,1.28,0.013,11493376,1400832,,
59.74,valkey_denorm,obsrv-valkey-denorm,running,0.97,0.01,9924608,1622016,,
59.74,dataset_api,obsrv-dataset-api,running,6.32,0.063,397770752,14581760,,
59.74,command_api,obsrv-command-api,running,3.01,0.03,78950400,46215168,,
59.74,web_console,obsrv-web-console,running,3.22,0.032,285347840,1171456,,
59.74,keycloak,obsrv-keycloak,running,1.14,0.011,575188992,9969664,,
59.74,nginx,obsrv-nginx,running,0.57,0.006,1732608,143360,,
59.74,prometheus,obsrv-prometheus,running,1.15,0.012,324022272,19300352,,
69.63,kafka,obsrv-kafka,running,54.78,0.548,435929088,353538048,,
69.63,zookeeper,obsrv-zookeeper,running,0.84,0.008,128249856,2273280,,
69.63,postgres,obsrv-postgres,running,1.82,0.018,32010240,59367424,,
69.63,druid,obsrv-druid,running,23.42,0.234,3323273216,12091392,,
69.63,up_jobmanager,obsrv-unified-pipeline-jobmanager,running,24.75,0.248,588722176,21528576,,
69.63,up_taskmanager,obsrv-unified-pipeline-taskmanager,running,151.61,1.516,907534336,21901312,,
69.63,ci_jobmanager,obsrv-cache-indexer-jobmanager,running,7.0,0.07,565104640,22978560,,
69.63,ci_taskmanager,obsrv-cache-indexer-taskmanager,running,7.46,0.075,701034496,22069248,,
69.63,valkey_dedup,obsrv-valkey-dedup,running,1.7,0.017,11550720,1400832,,
69.63,valkey_denorm,obsrv-valkey-denorm,running,1.16,0.012,9924608,1622016,,
69.63,dataset_api,obsrv-dataset-api,running,6.73,0.067,397770752,14581760,,
69.63,command_api,obsrv-command-api,running,2.56,0.026,78950400,46215168,,
69.63,web_console,obsrv-web-console,running,2.76,0.028,285351936,1171456,,
69.63,keycloak,obsrv-keycloak,running,1.11,0.011,575184896,9969664,,
69.63,nginx,obsrv-nginx,running,0.34,0.003,1728512,143360,,
69.63,prometheus,obsrv-prometheus,running,0.76,0.008,324050944,19300352,,
78.41,kafka,obsrv-kafka,running,26.66,0.267,495796224,356421632,,
78.41,zookeeper,obsrv-zookeeper,running,0.97,0.01,128253952,2273280,,
78.41,postgres,obsrv-postgres,running,1.64,0.016,32002048,59392000,,
78.41,druid,obsrv-druid,running,20.35,0.204,3323363328,12091392,,
78.41,up_jobmanager,obsrv-unified-pipeline-jobmanager,running,14.87,0.149,589029376,21528576,,
78.41,up_taskmanager,obsrv-unified-pipeline-taskmanager,running,141.03,1.41,972931072,21901312,,
78.41,ci_jobmanager,obsrv-cache-indexer-jobmanager,running,7.86,0.079,565522432,22978560,,
78.41,ci_taskmanager,obsrv-cache-indexer-taskmanager,running,19.68,0.197,701345792,22069248,,
78.41,valkey_dedup,obsrv-valkey-dedup,running,2.93,0.029,11558912,1400832,,
78.41,valkey_denorm,obsrv-valkey-denorm,running,1.53,0.015,9932800,1622016,,
78.41,dataset_api,obsrv-dataset-api,running,6.6,0.066,397770752,14581760,,
78.41,command_api,obsrv-command-api,running,3.24,0.032,78950400,46215168,,
78.41,web_console,obsrv-web-console,running,1.91,0.019,285356032,1171456,,
78.41,keycloak,obsrv-keycloak,running,0.71,0.007,575188992,9969664,,
78.41,nginx,obsrv-nginx,running,0.36,0.004,1732608,143360,,
78.41,prometheus,obsrv-prometheus,running,1.07,0.011,324194304,19304448,,
87.14,kafka,obsrv-kafka,running,26.59,0.266,435933184,358715392,,
87.14,zookeeper,obsrv-zookeeper,running,1.22,0.012,128253952,2273280,,
87.14,postgres,obsrv-postgres,running,2.75,0.027,31997952,59392000,,
87.14,druid,obsrv-druid,running,20.58,0.206,3323387904,12091392,,
87.14,up_jobmanager,obsrv-unified-pipeline-jobmanager,running,12.32,0.123,589672448,21528576,,
87.14,up_taskmanager,obsrv-unified-pipeline-taskmanager,running,144.9,1.449,975519744,21901312,,
87.14,ci_jobmanager,obsrv-cache-indexer-jobmanager,running,7.5,0.075,565624832,22978560,,
87.14,ci_taskmanager,obsrv-cache-indexer-taskmanager,running,10.79,0.108,701386752,22069248,,
87.14,valkey_dedup,obsrv-valkey-dedup,running,1.39,0.014,11550720,1400832,,
87.14,valkey_denorm,obsrv-valkey-denorm,running,1.08,0.011,9924608,1622016,,
87.14,dataset_api,obsrv-dataset-api,running,6.74,0.067,397774848,14581760,,
87.14,command_api,obsrv-command-api,running,3.32,0.033,78950400,46215168,,
87.14,web_console,obsrv-web-console,running,3.34,0.033,285356032,1171456,,
87.14,keycloak,obsrv-keycloak,running,0.78,0.008,575184896,9969664,,
87.14,nginx,obsrv-nginx,running,0.47,0.005,1732608,143360,,
87.14,prometheus,obsrv-prometheus,running,4.78,0.048,319598592,19316736,,
94.87,kafka,obsrv-kafka,running,44.9,0.449,435933184,360878080,,
94.87,zookeeper,obsrv-zookeeper,running,0.74,0.007,128253952,2273280,,
94.87,postgres,obsrv-postgres,running,1.72,0.017,32014336,59408384,,
94.87,druid,obsrv-druid,running,21.16,0.212,3325546496,12091392,,
94.87,up_jobmanager,obsrv-unified-pipeline-jobmanager,running,25.01,0.25,591859712,21528576,,
94.87,up_taskmanager,obsrv-unified-pipeline-taskmanager,running,123.13,1.231,976224256,21901312,,
94.87,ci_jobmanager,obsrv-cache-indexer-jobmanager,running,14.09,0.141,565829632,22978560,,
94.87,ci_taskmanager,obsrv-cache-indexer-taskmanager,running,16.78,0.168,701513728,22069248,,
94.87,valkey_dedup,obsrv-valkey-dedup,running,2.16,0.022,11681792,1400832,,
94.87,valkey_denorm,obsrv-valkey-denorm,running,1.64,0.016,9924608,1622016,,
94.87,dataset_api,obsrv-dataset-api,running,7.81,0.078,397860864,14581760,,
94.87,command_api,obsrv-command-api,running,3.34,0.033,78950400,46215168,,
94.87,web_console,obsrv-web-console,running,3.15,0.031,285376512,1171456,,
94.87,keycloak,obsrv-keycloak,running,0.85,0.008,575184896,9969664,,
94.87,nginx,obsrv-nginx,running,0.45,0.004,1732608,143360,,
94.87,prometheus,obsrv-prometheus,running,0.91,0.009,319643648,19320832,,
102.52,kafka,obsrv-kafka,running,12.19,0.122,435929088,363048960,,
102.52,zookeeper,obsrv-zookeeper,running,1.06,0.011,128249856,2273280,,
102.52,postgres,obsrv-postgres,running,2.69,0.027,32010240,59408384,,
102.52,druid,obsrv-druid,running,21.28,0.213,3325648896,12091392,,
102.52,up_jobmanager,obsrv-unified-pipeline-jobmanager,running,13.69,0.137,592908288,21528576,,
102.52,up_taskmanager,obsrv-unified-pipeline-taskmanager,running,129.01,1.29,997912576,21901312,,
102.52,ci_jobmanager,obsrv-cache-indexer-jobmanager,running,8.94,0.089,566018048,22978560,,
102.52,ci_taskmanager,obsrv-cache-indexer-taskmanager,running,12.94,0.129,701591552,22069248,,
102.52,valkey_dedup,obsrv-valkey-dedup,running,2.05,0.02,11689984,1400832,,
102.52,valkey_denorm,obsrv-valkey-denorm,running,1.95,0.019,9924608,1622016,,
102.52,dataset_api,obsrv-dataset-api,running,6.83,0.068,397770752,14581760,,
102.52,command_api,obsrv-command-api,running,3.54,0.035,78954496,46215168,,
102.52,web_console,obsrv-web-console,running,3.44,0.034,285376512,1171456,,
102.52,keycloak,obsrv-keycloak,running,0.88,0.009,575184896,9969664,,
102.52,nginx,obsrv-nginx,running,0.5,0.005,1732608,143360,,
102.52,prometheus,obsrv-prometheus,running,2.03,0.02,319696896,19324928,,
112.14,kafka,obsrv-kafka,running,37.34,0.373,435929088,366264320,,
112.14,zookeeper,obsrv-zookeeper,running,1.72,0.017,128249856,2273280,,
112.14,postgres,obsrv-postgres,running,2.55,0.025,31993856,59408384,,
112.14,druid,obsrv-druid,running,26.73,0.267,3333402624,12091392,,
112.14,up_jobmanager,obsrv-unified-pipeline-jobmanager,running,13.97,0.14,593661952,21528576,,
112.14,up_taskmanager,obsrv-unified-pipeline-taskmanager,running,113.54,1.135,1059258368,21901312,,
112.14,ci_jobmanager,obsrv-cache-indexer-jobmanager,running,15.14,0.151,566681600,22978560,,
112.14,ci_taskmanager,obsrv-cache-indexer-taskmanager,running,35.04,0.35,702078976,22069248,,
112.14,valkey_dedup,obsrv-valkey-dedup,running,1.94,0.019,11685888,1400832,,
112.14,valkey_denorm,obsrv-valkey-denorm,running,1.08,0.011,9924608,1622016,,
112.14,dataset_api,obsrv-dataset-api,running,11.74,0.117,397770752,14581760,,
112.14,command_api,obsrv-command-api,running,3.03,0.03,78954496,46215168,,
112.14,web_console,obsrv-web-console,running,4.2,0.042,285376512,1171456,,
112.14,keycloak,obsrv-keycloak,running,0.81,0.008,575188992,9969664,,
112.14,nginx,obsrv-nginx,running,0.65,0.007,1732608,143360,,
112.14,prometheus,obsrv-prometheus,running,2.64,0.026,319700992,19337216,,
127.15,kafka,obsrv-kafka,running,44.62,0.446,435929088,366600192,,
127.15,zookeeper,obsrv-zookeeper,running,1.5,0.015,128249856,2273280,,
127.15,postgres,obsrv-postgres,running,4.59,0.046,32010240,59416576,,
127.15,druid,obsrv-druid,running,28.61,0.286,3327991808,12091392,,
127.15,up_jobmanager,obsrv-unified-pipeline-jobmanager,running,21.89,0.219,595116032,21528576,,
127.15,up_taskmanager,obsrv-unified-pipeline-taskmanager,running,106.44,1.064,1129758720,21901312,,
127.15,ci_jobmanager,obsrv-cache-indexer-jobmanager,running,16.19,0.162,566882304,22978560,,
127.15,ci_taskmanager,obsrv-cache-indexer-taskmanager,running,19.59,0.196,702128128,22069248,,
127.15,valkey_dedup,obsrv-valkey-dedup,running,1.41,0.014,11677696,1400832,,
127.15,valkey_denorm,obsrv-valkey-denorm,running,1.65,0.016,9924608,1622016,,
127.15,dataset_api,obsrv-dataset-api,running,9.89,0.099,397770752,14581760,,
127.15,command_api,obsrv-command-api,running,2.93,0.029,78950400,46215168,,
127.15,web_console,obsrv-web-console,running,4.59,0.046,285380608,1171456,,
127.15,keycloak,obsrv-keycloak,running,0.86,0.009,575188992,9969664,,
127.15,nginx,obsrv-nginx,running,0.41,0.004,1732608,143360,,
127.15,prometheus,obsrv-prometheus,running,2.18,0.022,319696896,19341312,,
143.25,kafka,obsrv-kafka,running,58.59,0.586,435929088,369438720,,
143.25,zookeeper,obsrv-zookeeper,running,0.97,0.01,128249856,2273280,,
143.25,postgres,obsrv-postgres,running,3.33,0.033,32055296,59424768,,
143.25,druid,obsrv-druid,running,31.18,0.312,3336740864,13221888,,
143.25,up_jobmanager,obsrv-unified-pipeline-jobmanager,running,15.45,0.155,596717568,21528576,,
143.25,up_taskmanager,obsrv-unified-pipeline-taskmanager,running,111.1,1.111,1131069440,21901312,,
143.25,ci_jobmanager,obsrv-cache-indexer-jobmanager,running,11.76,0.118,567488512,22978560,,
143.25,ci_taskmanager,obsrv-cache-indexer-taskmanager,running,16.16,0.162,702328832,22069248,,
143.25,valkey_dedup,obsrv-valkey-dedup,running,1.81,0.018,11677696,1400832,,
143.25,valkey_denorm,obsrv-valkey-denorm,running,1.49,0.015,9928704,1622016,,
143.25,dataset_api,obsrv-dataset-api,running,9.29,0.093,397770752,14581760,,
143.25,command_api,obsrv-command-api,running,2.94,0.029,78954496,46215168,,
143.25,web_console,obsrv-web-console,running,2.95,0.03,285380608,1171456,,
143.25,keycloak,obsrv-keycloak,running,0.74,0.007,575184896,9969664,,
143.25,nginx,obsrv-nginx,running,0.52,0.005,1732608,143360,,
143.25,prometheus,obsrv-prometheus,running,3.3,0.033,319696896,19353600,,
153.22,kafka,obsrv-kafka,running,37.22,0.372,435929088,370540544,,
153.22,zookeeper,obsrv-zookeeper,running,1.33,0.013,128249856,2273280,,
153.22,postgres,obsrv-postgres,running,3.6,0.036,32075776,59424768,,
153.22,druid,obsrv-druid,running,24.49,0.245,3334635520,13221888,,
153.22,up_jobmanager,obsrv-unified-pipeline-jobmanager,running,27.61,0.276,598384640,21528576,,
153.22,up_taskmanager,obsrv-unified-pipeline-taskmanager,running,114.41,1.144,1132003328,21901312,,
153.22,ci_jobmanager,obsrv-cache-indexer-jobmanager,running,10.03,0.1,567730176,22978560,,
153.22,ci_taskmanager,obsrv-cache-indexer-taskmanager,running,12.75,0.127,702377984,22069248,,
153.22,valkey_dedup,obsrv-valkey-dedup,running,1.52,0.015,11681792,1400832,,
153.22,valkey_denorm,obsrv-valkey-denorm,running,1.26,0.013,9924608,1622016,,
153.22,dataset_api,obsrv-dataset-api,running,10.43,0.104,397770752,14581760,,
153.22,command_api,obsrv-command-api,running,3.3,0.033,78950400,46215168,,
153.22,web_console,obsrv-web-console,running,4.6,0.046,285376512,1171456,,
153.22,keycloak,obsrv-keycloak,running,1.07,0.011,575184896,9969664,,
153.22,nginx,obsrv-nginx,running,0.36,0.004,1732608,143360,,
153.22,prometheus,obsrv-prometheus,running,1.64,0.016,319696896,19357696,,
167.61,kafka,obsrv-kafka,running,40.82,0.408,515063808,372129792,,
167.61,zookeeper,obsrv-zookeeper,running,2.18,0.022,128253952,2273280,,
167.61,postgres,obsrv-postgres,running,5.98,0.06,31997952,59424768,,
167.61,druid,obsrv-druid,running,28.93,0.289,3336855552,13221888,,
167.61,up_jobmanager,obsrv-unified-pipeline-jobmanager,running,27.63,0.276,596094976,21528576,,
167.61,up_taskmanager,obsrv-unified-pipeline-taskmanager,running,85.12,0.851,1132695552,21901312,,
167.61,ci_jobmanager,obsrv-cache-indexer-jobmanager,running,13.93,0.139,568258560,22978560,,
167.61,ci_taskmanager,obsrv-cache-indexer-taskmanager,running,22.18,0.222,702611456,22069248,,
167.61,valkey_dedup,obsrv-valkey-dedup,running,1.77,0.018,11677696,1400832,,
167.61,valkey_denorm,obsrv-valkey-denorm,running,1.72,0.017,9924608,1622016,,
167.61,dataset_api,obsrv-dataset-api,running,14.37,0.144,397770752,14581760,,
167.61,command_api,obsrv-command-api,running,3.27,0.033,78950400,46215168,,
167.61,web_console,obsrv-web-console,running,6.2,0.062,285384704,1171456,,
167.61,keycloak,obsrv-keycloak,running,0.96,0.01,575180800,9969664,,
167.61,nginx,obsrv-nginx,running,0.17,0.002,1728512,143360,,
167.61,prometheus,obsrv-prometheus,running,3.76,0.038,319823872,19374080,,
189.51,kafka,obsrv-kafka,running,37.79,0.378,435933184,372367360,,
189.51,zookeeper,obsrv-zookeeper,running,1.8,0.018,128253952,2273280,,
189.51,postgres,obsrv-postgres,running,3.49,0.035,32014336,59441152,,
189.51,druid,obsrv-druid,running,25.14,0.251,3336912896,13221888,,
189.51,up_jobmanager,obsrv-unified-pipeline-jobmanager,running,25.56,0.256,595050496,21528576,,
189.51,up_taskmanager,obsrv-unified-pipeline-taskmanager,running,91.27,0.913,1135407104,21901312,,
189.51,ci_jobmanager,obsrv-cache-indexer-jobmanager,running,11.61,0.116,568426496,22978560,,
189.51,ci_taskmanager,obsrv-cache-indexer-taskmanager,running,14.96,0.15,702685184,22069248,,
189.51,valkey_dedup,obsrv-valkey-dedup,running,1.77,0.018,11677696,1400832,,
189.51,valkey_denorm,obsrv-valkey-denorm,running,1.28,0.013,9924608,1622016,,
189.51,dataset_api,obsrv-dataset-api,running,10.61,0.106,397770752,14581760,,
189.51,command_api,obsrv-command-api,running,6.46,0.065,78954496,46215168,,
189.51,web_console,obsrv-web-console,running,3.85,0.038,285384704,1171456,,
189.51,keycloak,obsrv-keycloak,running,1.1,0.011,575188992,9969664,,
189.51,nginx,obsrv-nginx,running,0.55,0.006,1732608,143360,,
189.51,prometheus,obsrv-prometheus,running,1.17,0.012,319832064,19378176,,
198.53,kafka,obsrv-kafka,running,12.72,0.127,435937280,374743040,,
198.53,zookeeper,obsrv-zookeeper,running,1.28,0.013,128253952,2273280,,
198.53,postgres,obsrv-postgres,running,2.78,0.028,31997952,59449344,,
198.53,druid,obsrv-druid,running,24.01,0.24,3336982528,13221888,,
198.53,up_jobmanager,obsrv-unified-pipeline-jobmanager,running,20.01,0.2,595177472,21528576,,
198.53,up_taskmanager,obsrv-unified-pipeline-taskmanager,running,113.82,1.138,1205288960,21901312,,
198.53,ci_jobmanager,obsrv-cache-indexer-jobmanager,running,11.67,0.117,568971264,22978560,,
198.53,ci_taskmanager,obsrv-cache-indexer-taskmanager,running,13.81,0.138,702877696,22069248,,
198.53,valkey_dedup,obsrv-valkey-dedup,running,2.33,0.023,11808768,1400832,,
198.53,valkey_denorm,obsrv-valkey-denorm,running,1.84,0.018,9928704,1622016,,
198.53,dataset_api,obsrv-dataset-api,running,9.39,0.094,397770752,14581760,,
198.53,command_api,obsrv-command-api,running,3.65,0.037,78954496,46215168,,
198.53,web_console,obsrv-web-console,running,4.38,0.044,285380608,1171456,,
198.53,keycloak,obsrv-keycloak,running,1.16,0.012,575184896,9969664,,
198.53,nginx,obsrv-nginx,running,0.67,0.007,1732608,143360,,
198.53,prometheus,obsrv-prometheus,running,2.98,0.03,293404672,19390464,,
211.99,kafka,obsrv-kafka,running,62.98,0.63,435933184,377286656,,
211.99,zookeeper,obsrv-zookeeper,running,1.2,0.012,128249856,2273280,,
211.99,postgres,obsrv-postgres,running,2.12,0.021,32010240,59449344,,
211.99,druid,obsrv-druid,running,25.46,0.255,3335299072,13221888,,
211.99,up_jobmanager,obsrv-unified-pipeline-jobmanager,running,14.5,0.145,592285696,21528576,,
211.99,up_taskmanager,obsrv-unified-pipeline-taskmanager,running,125.84,1.258,1285443584,21901312,,
211.99,ci_jobmanager,obsrv-cache-indexer-jobmanager,running,8.64,0.086,565972992,22978560,,
211.99,ci_taskmanager,obsrv-cache-indexer-taskmanager,running,9.51,0.095,699731968,22069248,,
211.99,valkey_dedup,obsrv-valkey-dedup,running,1.76,0.018,11812864,1400832,,
211.99,valkey_denorm,obsrv-valkey-denorm,running,1.17,0.012,9928704,1622016,,
211.99,dataset_api,obsrv-dataset-api,running,6.73,0.067,395759616,14581760,,
211.99,command_api,obsrv-command-api,running,2.38,0.024,75739136,46215168,,
211.99,web_console,obsrv-web-console,running,2.96,0.03,283373568,1171456,,
211.99,keycloak,obsrv-keycloak,running,0.86,0.009,575180800,9969664,,
211.99,nginx,obsrv-nginx,running,0.51,0.005,1732608,143360,,
211.99,prometheus,obsrv-prometheus,running,1.84,0.018,292257792,19394560,,
220.94,kafka,obsrv-kafka,running,41.18,0.412,435933184,380137472,,
220.94,zookeeper,obsrv-zookeeper,running,0.94,0.009,128253952,2273280,,
220.94,postgres,obsrv-postgres,running,2.62,0.026,32010240,59449344,,
220.94,druid,obsrv-druid,running,27.59,0.276,3336335360,13221888,,
220.94,up_jobmanager,obsrv-unified-pipeline-jobmanager,running,17.45,0.174,592740352,21528576,,
220.94,up_taskmanager,obsrv-unified-pipeline-taskmanager,running,127.05,1.27,1285824512,21901312,,
220.94,ci_jobmanager,obsrv-cache-indexer-jobmanager,running,6.44,0.064,566034432,22978560,,
220.94,ci_taskmanager,obsrv-cache-indexer-taskmanager,running,7.21,0.072,699744256,22069248,,
220.94,valkey_dedup,obsrv-valkey-dedup,running,2.17,0.022,11812864,1400832,,
220.94,valkey_denorm,obsrv-valkey-denorm,running,1.33,0.013,9928704,1622016,,
220.94,dataset_api,obsrv-dataset-api,running,8.66,0.087,395759616,14581760,,
220.94,command_api,obsrv-command-api,running,3.28,0.033,75735040,46215168,,
220.94,web_console,obsrv-web-console,running,3.15,0.032,283377664,1171456,,
220.94,keycloak,obsrv-keycloak,running,0.72,0.007,575188992,9969664,,
220.94,nginx,obsrv-nginx,running,0.47,0.005,1732608,143360,,
220.94,prometheus,obsrv-prometheus,running,1.4,0.014,292278272,19394560,,
229.39,kafka,obsrv-kafka,running,38.37,0.384,530284544,382537728,,
229.39,zookeeper,obsrv-zookeeper,running,1.02,0.01,128253952,2273280,,
229.39,postgres,obsrv-postgres,running,3.6,0.036,31993856,59457536,,
229.39,druid,obsrv-druid,running,22.77,0.228,3336835072,13221888,,
229.39,up_jobmanager,obsrv-unified-pipeline-jobmanager,running,14.11,0.141,592904192,21528576,,
229.39,up_taskmanager,obsrv-unified-pipeline-taskmanager,running,111.52,1.115,1285885952,21901312,,
229.39,ci_jobmanager,obsrv-cache-indexer-jobmanager,running,9.3,0.093,566288384,22978560,,
229.39,ci_taskmanager,obsrv-cache-indexer-taskmanager,running,12.11,0.121,699809792,22069248,,
229.39,valkey_dedup,obsrv-valkey-dedup,running,2.41,0.024,11743232,1400832,,
229.39,valkey_denorm,obsrv-valkey-denorm,running,1.69,0.017,9924608,1622016,,
229.39,dataset_api,obsrv-dataset-api,running,8.63,0.086,395759616,14581760,,
229.39,command_api,obsrv-command-api,running,3.4,0.034,75735040,46215168,,
229.39,web_console,obsrv-web-console,running,2.95,0.029,283377664,1171456,,
229.39,keycloak,obsrv-keycloak,running,0.74,0.007,575184896,9969664,,
229.39,nginx,obsrv-nginx,running,0.46,0.005,1728512,143360,,
229.39,prometheus,obsrv-prometheus,running,0.86,0.009,292286464,19398656,,
239.12,kafka,obsrv-kafka,running,11.48,0.115,435933184,384069632,,
239.12,zookeeper,obsrv-zookeeper,running,1.24,0.012,128249856,2273280,,
239.12,postgres,obsrv-postgres,running,2.6,0.026,31993856,59457536,,
239.12,druid,obsrv-druid,running,21.15,0.212,3337400320,13221888,,
239.12,up_jobmanager,obsrv-unified-pipeline-jobmanager,running,22.86,0.229,593014784,21528576,,
239.12,up_taskmanager,obsrv-unified-pipeline-taskmanager,running,123.85,1.239,1336205312,21901312,,
239.12,ci_jobmanager,obsrv-cache-indexer-jobmanager,running,8.05,0.08,566378496,22978560,,
239.12,ci_taskmanager,obsrv-cache-indexer-taskmanager,running,14.5,0.145,699854848,22069248,,
239.12,valkey_dedup,obsrv-valkey-dedup,running,1.88,0.019,11747328,1400832,,
239.12,valkey_denorm,obsrv-valkey-denorm,running,1.38,0.014,9928704,1622016,,
239.12,dataset_api,obsrv-dataset-api,running,8.44,0.084,397770752,14581760,,
239.12,command_api,obsrv-command-api,running,2.79,0.028,78954496,46215168,,
239.12,web_console,obsrv-web-console,running,3.46,0.035,283377664,1171456,,
239.12,keycloak,obsrv-keycloak,running,0.74,0.007,575188992,9969664,,
239.12,nginx,obsrv-nginx,running,0.46,0.005,1732608,143360,,
239.12,prometheus,obsrv-prometheus,running,4.31,0.043,292282368,19415040,,
247.72,kafka,obsrv-kafka,running,50.01,0.5,435933184,386973696,,
247.72,zookeeper,obsrv-zookeeper,running,1.13,0.011,128249856,2273280,,
247.72,postgres,obsrv-postgres,running,1.73,0.017,32010240,59457536,,
247.72,druid,obsrv-druid,running,28.96,0.29,3334348800,13221888,,
247.72,up_jobmanager,obsrv-unified-pipeline-jobmanager,running,21.36,0.214,593158144,21528576,,
247.72,up_taskmanager,obsrv-unified-pipeline-taskmanager,running,115.22,1.152,1417842688,21901312,,
247.72,ci_jobmanager,obsrv-cache-indexer-jobmanager,running,8.65,0.087,566480896,22978560,,
247.72,ci_taskmanager,obsrv-cache-indexer-taskmanager,running,9.65,0.097,699871232,22069248,,
247.72,valkey_dedup,obsrv-valkey-dedup,running,2.24,0.022,11743232,1400832,,
247.72,valkey_denorm,obsrv-valkey-denorm,running,1.35,0.013,9928704,1622016,,
247.72,dataset_api,obsrv-dataset-api,running,7.72,0.077,395759616,14581760,,
247.72,command_api,obsrv-command-api,running,2.83,0.028,75735040,46215168,,
247.72,web_console,obsrv-web-console,running,2.95,0.03,283377664,1171456,,
247.72,keycloak,obsrv-keycloak,running,1.57,0.016,575188992,9969664,,
247.72,nginx,obsrv-nginx,running,0.47,0.005,1732608,143360,,
247.72,prometheus,obsrv-prometheus,running,1.38,0.014,292282368,19415040,,
257.49,kafka,obsrv-kafka,running,48.97,0.49,515358720,389668864,,
257.49,zookeeper,obsrv-zookeeper,running,0.85,0.008,128245760,2273280,,
257.49,postgres,obsrv-postgres,running,3.37,0.034,32010240,59457536,,
257.49,druid,obsrv-druid,running,43.42,0.434,3334844416,14340096,,
257.49,up_jobmanager,obsrv-unified-pipeline-jobmanager,running,14.05,0.141,593342464,21528576,,
257.49,up_taskmanager,obsrv-unified-pipeline-taskmanager,running,109.06,1.091,1435451392,21901312,,
257.49,ci_jobmanager,obsrv-cache-indexer-jobmanager,running,9.18,0.092,566657024,22978560,,
257.49,ci_taskmanager,obsrv-cache-indexer-taskmanager,running,13.47,0.135,699944960,22069248,,
257.49,valkey_dedup,obsrv-valkey-dedup,running,2.28,0.023,11747328,1400832,,
257.49,valkey_denorm,obsrv-valkey-denorm,running,1.59,0.016,9924608,1622016,,
257.49,dataset_api,obsrv-dataset-api,running,10.08,0.101,395759616,14581760,,
257.49,command_api,obsrv-command-api,running,3.17,0.032,75735040,46215168,,
257.49,web_console,obsrv-web-console,running,3.97,0.04,283377664,1171456,,
257.49,keycloak,obsrv-keycloak,running,1.2,0.012,575184896,9969664,,
257.49,nginx,obsrv-nginx,running,0.99,0.01,1732608,143360,,
257.49,prometheus,obsrv-prometheus,running,1.24,0.012,292286464,19419136,,
267.32,kafka,obsrv-kafka,running,17.76,0.178,435933184,391798784,,
267.32,zookeeper,obsrv-zookeeper,running,0.79,0.008,128249856,2273280,,
267.32,postgres,obsrv-postgres,running,3.07,0.031,31997952,59457536,,
267.32,druid,obsrv-druid,running,24.13,0.241,3334852608,14340096,,
267.32,up_jobmanager,obsrv-unified-pipeline-jobmanager,running,13.52,0.135,593428480,21528576,,
267.32,up_taskmanager,obsrv-unified-pipeline-taskmanager,running,128.74,1.287,1437876224,21901312,,
267.32,ci_jobmanager,obsrv-cache-indexer-jobmanager,running,7.12,0.071,566722560,22978560,,
267.32,ci_taskmanager,obsrv-cache-indexer-taskmanager,running,12.86,0.129,699949056,22069248,,
267.32,valkey_dedup,obsrv-valkey-dedup,running,1.8,0.018,11747328,1400832,,
267.32,valkey_denorm,obsrv-valkey-denorm,running,1.16,0.012,9924608,1622016,,
267.32,dataset_api,obsrv-dataset-api,running,8.82,0.088,395759616,14581760,,
267.32,command_api,obsrv-command-api,running,3.45,0.035,75735040,46215168,,
267.32,web_console,obsrv-web-console,running,4.18,0.042,283385856,1171456,,
267.32,keycloak,obsrv-keycloak,running,1.07,0.011,575184896,9969664,,
267.32,nginx,obsrv-nginx,running,0.94,0.009,1732608,143360,,
267.32,prometheus,obsrv-prometheus,running,3.49,0.035,292282368,19431424,,
281.2,kafka,obsrv-kafka,running,54.46,0.545,435937280,393900032,,
281.2,zookeeper,obsrv-zookeeper,running,1.11,0.011,128249856,2273280,,
281.2,postgres,obsrv-postgres,running,3.48,0.035,32006144,59465728,,
281.2,druid,obsrv-druid,running,24.99,0.25,3334639616,14340096,,
281.2,up_jobmanager,obsrv-unified-pipeline-jobmanager,running,20.14,0.201,593690624,21528576,,
281.2,up_taskmanager,obsrv-unified-pipeline-taskmanager,running,108.45,1.085,1440919552,21901312,,
281.2,ci_jobmanager,obsrv-cache-indexer-jobmanager,running,9.05,0.091,566894592,22978560,,
281.2,ci_taskmanager,obsrv-cache-indexer-taskmanager,running,13.18,0.132,700137472,22069248,,
281.2,valkey_dedup,obsrv-valkey-dedup,running,1.84,0.018,11743232,1400832,,
281.2,valkey_denorm,obsrv-valkey-denorm,running,1.29,0.013,9928704,1622016,,
281.2,dataset_api,obsrv-dataset-api,running,10.16,0.102,395759616,14581760,,
281.2,command_api,obsrv-command-api,running,2.6,0.026,75735040,46215168,,
281.2,web_console,obsrv-web-console,running,3.65,0.036,283381760,1171456,,
281.2,keycloak,obsrv-keycloak,running,1.14,0.011,575188992,9969664,,
281.2,nginx,obsrv-nginx,running,0.49,0.005,1732608,143360,,
281.2,prometheus,obsrv-prometheus,running,1.19,0.012,292286464,19435520,,
293.04,kafka,obsrv-kafka,running,47.92,0.479,435937280,396611584,,
293.04,zookeeper,obsrv-zookeeper,running,1.17,0.012,128249856,2273280,,
293.04,postgres,obsrv-postgres,running,2.65,0.027,31997952,59465728,,
293.04,druid,obsrv-druid,running,27.8,0.278,3334873088,14340096,,
293.04,up_jobmanager,obsrv-unified-pipeline-jobmanager,running,31.76,0.318,595152896,21528576,,
293.04,up_taskmanager,obsrv-unified-pipeline-taskmanager,running,112.49,1.125,1517408256,21901312,,
293.04,ci_jobmanager,obsrv-cache-indexer-jobmanager,running,9.73,0.097,567353344,22978560,,
293.04,ci_taskmanager,obsrv-cache-indexer-taskmanager,running,8.08,0.081,700219392,22069248,,
293.04,valkey_dedup,obsrv-valkey-dedup,running,1.5,0.015,11747328,1400832,,
293.04,valkey_denorm,obsrv-valkey-denorm,running,0.99,0.01,9924608,1622016,,
293.04,dataset_api,obsrv-dataset-api,running,8.2,0.082,395759616,14581760,,
293.04,command_api,obsrv-command-api,running,4.24,0.042,75735040,46215168,,
293.04,web_console,obsrv-web-console,running,5.37,0.054,283389952,1171456,,
293.04,keycloak,obsrv-keycloak,running,1.09,0.011,575184896,9969664,,
293.04,nginx,obsrv-nginx,running,0.4,0.004,1732608,143360,,
293.04,prometheus,obsrv-prometheus,running,3.96,0.04,311742464,19451904,,
304.26,kafka,obsrv-kafka,running,46.55,0.465,519139328,398184448,,
304.26,zookeeper,obsrv-zookeeper,running,1.09,0.011,128249856,2273280,,
304.26,postgres,obsrv-postgres,running,3.24,0.032,32006144,59494400,,
304.26,druid,obsrv-druid,running,25.64,0.256,3334889472,14340096,,
304.26,up_jobmanager,obsrv-unified-pipeline-jobmanager,running,17.46,0.175,596787200,21528576,,
304.26,up_taskmanager,obsrv-unified-pipeline-taskmanager,running,105.82,1.058,1590341632,21901312,,
304.26,ci_jobmanager,obsrv-cache-indexer-jobmanager,running,9.68,0.097,567398400,22978560,,
304.26,ci_taskmanager,obsrv-cache-indexer-taskmanager,running,13.88,0.139,700272640,22069248,,
304.26,valkey_dedup,obsrv-valkey-dedup,running,2.42,0.024,11751424,1400832,,
304.26,valkey_denorm,obsrv-valkey-denorm,running,1.54,0.015,9924608,1622016,,
304.26,dataset_api,obsrv-dataset-api,running,12.05,0.121,395759616,14581760,,
304.26,command_api,obsrv-command-api,running,4.03,0.04,75735040,46215168,,
304.26,web_console,obsrv-web-console,running,9.6,0.096,283361280,1171456,,
304.26,keycloak,obsrv-keycloak,running,2.99,0.03,575188992,9969664,,
304.26,nginx,obsrv-nginx,running,0.64,0.006,1732608,143360,,
304.26,prometheus,obsrv-prometheus,running,3.88,0.039,311746560,19456000,,
319.7,kafka,obsrv-kafka,running,36.75,0.368,502542336,399818752,,
319.7,zookeeper,obsrv-zookeeper,running,1.52,0.015,128249856,2273280,,
319.7,postgres,obsrv-postgres,running,3.88,0.039,31997952,59502592,,
319.7,druid,obsrv-druid,running,23.61,0.236,3334897664,14340096,,
319.7,up_jobmanager,obsrv-unified-pipeline-jobmanager,running,22.93,0.229,598654976,21528576,,
319.7,up_taskmanager,obsrv-unified-pipeline-taskmanager,running,95.0,0.95,1590607872,21901312,,
319.7,ci_jobmanager,obsrv-cache-indexer-jobmanager,running,23.74,0.237,568455168,22978560,,
319.7,ci_taskmanager,obsrv-cache-indexer-taskmanager,running,26.99,0.27,700534784,22069248,,
319.7,valkey_dedup,obsrv-valkey-dedup,running,2.13,0.021,12271616,1400832,,
319.7,valkey_denorm,obsrv-valkey-denorm,running,1.38,0.014,9924608,1622016,,
319.7,dataset_api,obsrv-dataset-api,running,10.01,0.1,395759616,14581760,,
319.7,command_api,obsrv-command-api,running,4.68,0.047,75735040,46215168,,
319.7,web_console,obsrv-web-console,running,3.62,0.036,283385856,1171456,,
319.7,keycloak,obsrv-keycloak,running,0.84,0.008,575184896,9969664,,
319.7,nginx,obsrv-nginx,running,0.67,0.007,1728512,143360,,
319.7,prometheus,obsrv-prometheus,running,5.05,0.05,293474304,19468288,,
329.69,kafka,obsrv-kafka,running,16.47,0.165,435937280,401059840,,
329.69,zookeeper,obsrv-zookeeper,running,1.74,0.017,128253952,2273280,,
329.69,postgres,obsrv-postgres,running,2.2,0.022,31993856,59502592,,
329.69,druid,obsrv-druid,running,19.79,0.198,3334893568,14340096,,
329.69,up_jobmanager,obsrv-unified-pipeline-jobmanager,running,22.53,0.225,600002560,21528576,,
329.69,up_taskmanager,obsrv-unified-pipeline-taskmanager,running,133.45,1.335,1594036224,21901312,,
329.69,ci_jobmanager,obsrv-cache-indexer-jobmanager,running,10.75,0.108,569208832,22978560,,
329.69,ci_taskmanager,obsrv-cache-indexer-taskmanager,running,10.36,0.104,700559360,22069248,,
329.69,valkey_dedup,obsrv-valkey-dedup,running,1.96,0.02,12140544,1400832,,
329.69,valkey_denorm,obsrv-valkey-denorm,running,1.49,0.015,9932800,1622016,,
329.69,dataset_api,obsrv-dataset-api,running,6.63,0.066,395759616,14581760,,
329.69,command_api,obsrv-command-api,running,3.18,0.032,75735040,46215168,,
329.69,web_console,obsrv-web-console,running,3.76,0.038,283422720,1171456,,
329.69,keycloak,obsrv-keycloak,running,1.85,0.019,575184896,9969664,,
329.69,nginx,obsrv-nginx,running,0.54,0.005,1728512,143360,,
329.69,prometheus,obsrv-prometheus,running,1.19,0.012,293474304,19472384,,
337.71,kafka,obsrv-kafka,running,43.44,0.434,435937280,403980288,,
337.71,zookeeper,obsrv-zookeeper,running,0.81,0.008,128253952,2273280,,
337.71,postgres,obsrv-postgres,running,1.93,0.019,32010240,59510784,,
337.71,druid,obsrv-druid,running,25.15,0.251,3334889472,14340096,,
337.71,up_jobmanager,obsrv-unified-pipeline-jobmanager,running,19.22,0.192,601387008,21528576,,
337.71,up_taskmanager,obsrv-unified-pipeline-taskmanager,running,120.1,1.201,1594351616,21901312,,
337.71,ci_jobmanager,obsrv-cache-indexer-jobmanager,running,6.07,0.061,569262080,22978560,,
337.71,ci_taskmanager,obsrv-cache-indexer-taskmanager,running,8.39,0.084,700567552,22069248,,
337.71,valkey_dedup,obsrv-valkey-dedup,running,1.87,0.019,12005376,1400832,,
337.71,valkey_denorm,obsrv-valkey-denorm,running,1.37,0.014,9904128,1622016,,
337.71,dataset_api,obsrv-dataset-api,running,7.25,0.072,395759616,14581760,,
337.71,command_api,obsrv-command-api,running,3.33,0.033,75739136,46215168,,
337.71,web_console,obsrv-web-console,running,2.68,0.027,283426816,1171456,,
337.71,keycloak,obsrv-keycloak,running,0.96,0.01,575188992,9969664,,
337.71,nginx,obsrv-nginx,running,0.61,0.006,1732608,143360,,
337.71,prometheus,obsrv-prometheus,running,0.92,0.009,293474304,19476480,,
347.21,kafka,obsrv-kafka,running,57.82,0.578,518934528,408338432,,
347.21,zookeeper,obsrv-zookeeper,running,0.82,0.008,128253952,2273280,,
347.21,postgres,obsrv-postgres,running,1.93,0.019,32010240,59518976,,
347.21,druid,obsrv-druid,running,25.89,0.259,3334905856,15441920,,
347.21,up_jobmanager,obsrv-unified-pipeline-jobmanager,running,11.75,0.117,596086784,21528576,,
347.21,up_taskmanager,obsrv-unified-pipeline-taskmanager,running,122.73,1.227,1639092224,21901312,,
347.21,ci_jobmanager,obsrv-cache-indexer-jobmanager,running,8.66,0.087,569925632,22978560,,
347.21,ci_taskmanager,obsrv-cache-indexer-taskmanager,running,8.16,0.082,700653568,22069248,,
347.21,valkey_dedup,obsrv-valkey-dedup,running,2.24,0.022,12005376,1400832,,
347.21,valkey_denorm,obsrv-valkey-denorm,running,1.5,0.015,9924608,1622016,,
347.21,dataset_api,obsrv-dataset-api,running,6.71,0.067,395759616,14581760,,
347.21,command_api,obsrv-command-api,running,2.42,0.024,75739136,46215168,,
347.21,web_console,obsrv-web-console,running,3.03,0.03,283426816,1171456,,
347.21,keycloak,obsrv-keycloak,running,0.58,0.006,575180800,9969664,,
347.21,nginx,obsrv-nginx,running,0.38,0.004,1732608,143360,,
347.21,prometheus,obsrv-prometheus,running,0.94,0.009,293482496,19476480,,
356.24,kafka,obsrv-kafka,running,17.6,0.176,435941376,411361280,,
356.24,zookeeper,obsrv-zookeeper,running,1.08,0.011,128253952,2273280,,
356.24,postgres,obsrv-postgres,running,3.3,0.033,31993856,59518976,,
356.24,druid,obsrv-druid,running,31.48,0.315,3334922240,15441920,,
356.24,up_jobmanager,obsrv-unified-pipeline-jobmanager,running,14.05,0.14,596242432,21528576,,
356.24,up_taskmanager,obsrv-unified-pipeline-taskmanager,running,131.89,1.319,1722896384,21901312,,
356.24,ci_jobmanager,obsrv-cache-indexer-jobmanager,running,7.73,0.077,570269696,22978560,,
356.24,ci_taskmanager,obsrv-cache-indexer-taskmanager,running,8.26,0.083,700805120,22069248,,
356.24,valkey_dedup,obsrv-valkey-dedup,running,1.89,0.019,12005376,1400832,,
356.24,valkey_denorm,obsrv-valkey-denorm,running,1.26,0.013,9924608,1622016,,
356.24,dataset_api,obsrv-dataset-api,running,8.47,0.085,395759616,14581760,,
356.24,command_api,obsrv-command-api,running,2.85,0.029,75739136,46215168,,
356.24,web_console,obsrv-web-console,running,3.09,0.031,283422720,1171456,,
356.24,keycloak,obsrv-keycloak,running,0.87,0.009,575184896,9969664,,
356.24,nginx,obsrv-nginx,running,0.46,0.005,1732608,143360,,
356.24,prometheus,obsrv-prometheus,running,3.24,0.032,293486592,19492864,,
365.19,kafka,obsrv-kafka,running,44.64,0.446,435937280,413433856,,
365.19,zookeeper,obsrv-zookeeper,running,1.39,0.014,128249856,2273280,,
365.19,postgres,obsrv-postgres,running,2.34,0.023,32006144,59527168,,
365.19,druid,obsrv-druid,running,28.65,0.287,3334926336,15441920,,
365.19,up_jobmanager,obsrv-unified-pipeline-jobmanager,running,25.13,0.251,596475904,21528576,,
365.19,up_taskmanager,obsrv-unified-pipeline-taskmanager,running,110.24,1.102,1744908288,21901312,,
365.19,ci_jobmanager,obsrv-cache-indexer-jobmanager,running,8.83,0.088,570613760,22978560,,
365.19,ci_taskmanager,obsrv-cache-indexer-taskmanager,running,16.32,0.163,700915712,22069248,,
365.19,valkey_dedup,obsrv-valkey-dedup,running,2.17,0.022,12009472,1400832,,
365.19,valkey_denorm,obsrv-valkey-denorm,running,1.6,0.016,9928704,1622016,,
365.19,dataset_api,obsrv-dataset-api,running,28.36,0.284,396185600,14581760,,
365.19,command_api,obsrv-command-api,running,3.49,0.035,75735040,46215168,,
365.19,web_console,obsrv-web-console,running,4.2,0.042,283426816,1171456,,
365.19,keycloak,obsrv-keycloak,running,0.96,0.01,575180800,9969664,,
365.19,nginx,obsrv-nginx,running,0.32,0.003,1732608,143360,,
365.19,prometheus,obsrv-prometheus,running,1.84,0.018,293482496,19492864,,
376.92,kafka,obsrv-kafka,running,39.24,0.392,435937280,416464896,,
376.92,zookeeper,obsrv-zookeeper,running,1.23,0.012,128245760,2273280,,
376.92,postgres,obsrv-postgres,running,2.95,0.03,32006144,59527168,,
376.92,druid,obsrv-druid,running,24.37,0.244,3334934528,15441920,,
376.92,up_jobmanager,obsrv-unified-pipeline-jobmanager,running,20.98,0.21,599752704,21528576,,
376.92,up_taskmanager,obsrv-unified-pipeline-taskmanager,running,110.98,1.11,1750462464,21901312,,
376.92,ci_jobmanager,obsrv-cache-indexer-jobmanager,running,10.74,0.107,571097088,22978560,,
376.92,ci_taskmanager,obsrv-cache-indexer-taskmanager,running,15.85,0.158,704249856,22069248,,
376.92,valkey_dedup,obsrv-valkey-dedup,running,3.52,0.035,12009472,1400832,,
376.92,valkey_denorm,obsrv-valkey-denorm,running,1.62,0.016,9928704,1622016,,
376.92,dataset_api,obsrv-dataset-api,running,9.65,0.096,398196736,14581760,,
376.92,command_api,obsrv-command-api,running,3.42,0.034,78950400,46215168,,
376.92,web_console,obsrv-web-console,running,4.46,0.045,285437952,1171456,,
376.92,keycloak,obsrv-keycloak,running,0.63,0.006,575180800,9969664,,
376.92,nginx,obsrv-nginx,running,0.39,0.004,1732608,143360,,
376.92,prometheus,obsrv-prometheus,running,1.17,0.012,293482496,19496960,,
388.95,kafka,obsrv-kafka,running,36.16,0.362,512274432,418443264,,
388.95,zookeeper,obsrv-zookeeper,running,1.32,0.013,128249856,2273280,,
388.95,postgres,obsrv-postgres,running,3.28,0.033,31997952,59535360,,
388.95,druid,obsrv-druid,running,24.85,0.249,3334934528,15441920,,
388.95,up_jobmanager,obsrv-unified-pipeline-jobmanager,running,14.54,0.145,596701184,21528576,,
388.95,up_taskmanager,obsrv-unified-pipeline-taskmanager,running,107.32,1.073,1747501056,21901312,,
388.95,ci_jobmanager,obsrv-cache-indexer-jobmanager,running,11.28,0.113,571297792,22978560,,
388.95,ci_taskmanager,obsrv-cache-indexer-taskmanager,running,13.51,0.135,701186048,22069248,,
388.95,valkey_dedup,obsrv-valkey-dedup,running,1.6,0.016,12005376,1400832,,
388.95,valkey_denorm,obsrv-valkey-denorm,running,1.69,0.017,9924608,1622016,,
388.95,dataset_api,obsrv-dataset-api,running,10.45,0.104,396185600,14581760,,
388.95,command_api,obsrv-command-api,running,3.45,0.035,75735040,46215168,,
388.95,web_console,obsrv-web-console,running,4.71,0.047,283422720,1171456,,
388.95,keycloak,obsrv-keycloak,running,0.78,0.008,575184896,9969664,,
388.95,nginx,obsrv-nginx,running,0.59,0.006,1732608,143360,,
388.95,prometheus,obsrv-prometheus,running,3.95,0.039,293486592,19513344,,
398.07,kafka,obsrv-kafka,running,8.69,0.087,435945472,418500608,,
398.07,zookeeper,obsrv-zookeeper,running,0.65,0.006,128245760,2273280,,
398.07,postgres,obsrv-postgres,running,3.1,0.031,32006144,59543552,,
398.07,druid,obsrv-druid,running,16.2,0.162,3334946816,15441920,,
398.07,up_jobmanager,obsrv-unified-pipeline-jobmanager,running,26.89,0.269,596860928,21528576,,
398.07,up_taskmanager,obsrv-unified-pipeline-taskmanager,running,36.62,0.366,1747779584,21901312,,
398.07,ci_jobmanager,obsrv-cache-indexer-jobmanager,running,12.6,0.126,571392000,22978560,,
398.07,ci_taskmanager,obsrv-cache-indexer-taskmanager,running,9.86,0.099,701202432,22069248,,
398.07,valkey_dedup,obsrv-valkey-dedup,running,0.97,0.01,12009472,1400832,,
398.07,valkey_denorm,obsrv-valkey-denorm,running,0.91,0.009,9924608,1622016,,
398.07,dataset_api,obsrv-dataset-api,running,5.54,0.055,396222464,14581760,,
398.07,command_api,obsrv-command-api,running,3.16,0.032,75735040,46215168,,
398.07,web_console,obsrv-web-console,running,1.92,0.019,283426816,1171456,,
398.07,keycloak,obsrv-keycloak,running,0.84,0.008,575188992,9969664,,
398.07,nginx,obsrv-nginx,running,0.56,0.006,1732608,143360,,
398.07,prometheus,obsrv-prometheus,running,1.01,0.01,293486592,19513344,,
403.51,kafka,obsrv-kafka,running,29.57,0.296,435941376,418504704,,
403.51,zookeeper,obsrv-zookeeper,running,0.99,0.01,128249856,2273280,,
403.51,postgres,obsrv-postgres,running,1.57,0.016,32006144,59551744,,
403.51,druid,obsrv-druid,running,14.91,0.149,3334967296,15441920,,
403.51,up_jobmanager,obsrv-unified-pipeline-jobmanager,running,19.89,0.199,596910080,21528576,,
403.51,up_taskmanager,obsrv-unified-pipeline-taskmanager,running,26.03,0.26,1748013056,21901312,,
403.51,ci_jobmanager,obsrv-cache-indexer-jobmanager,running,4.56,0.046,571416576,22978560,,
403.51,ci_taskmanager,obsrv-cache-indexer-taskmanager,running,5.75,0.058,700944384,22069248,,
403.51,valkey_dedup,obsrv-valkey-dedup,running,0.71,0.007,12005376,1400832,,
403.51,valkey_denorm,obsrv-valkey-denorm,running,0.61,0.006,9928704,1622016,,
403.51,dataset_api,obsrv-dataset-api,running,5.24,0.052,398233600,14581760,,
403.51,command_api,obsrv-command-api,running,3.05,0.031,75735040,46215168,,
403.51,web_console,obsrv-web-console,running,2.69,0.027,283422720,1171456,,
403.51,keycloak,obsrv-keycloak,running,1.57,0.016,575184896,9969664,,
403.51,nginx,obsrv-nginx,running,0.4,0.004,1732608,143360,,
403.51,prometheus,obsrv-prometheus,running,1.14,0.011,293482496,19513344,,
410.39,kafka,obsrv-kafka,running,22.48,0.225,435941376,418504704,,
410.39,zookeeper,obsrv-zookeeper,running,1.01,0.01,128253952,2273280,,
410.39,postgres,obsrv-postgres,running,1.96,0.02,32010240,59551744,,
410.39,druid,obsrv-druid,running,9.74,0.097,3334963200,15441920,,
410.39,up_jobmanager,obsrv-unified-pipeline-jobmanager,running,9.94,0.099,596967424,21528576,,
410.39,up_taskmanager,obsrv-unified-pipeline-taskmanager,running,9.51,0.095,1748066304,21901312,,
410.39,ci_jobmanager,obsrv-cache-indexer-jobmanager,running,7.7,0.077,571674624,22978560,,
410.39,ci_taskmanager,obsrv-cache-indexer-taskmanager,running,10.14,0.101,701444096,22069248,,
410.39,valkey_dedup,obsrv-valkey-dedup,running,0.83,0.008,12009472,1400832,,
410.39,valkey_denorm,obsrv-valkey-denorm,running,1.0,0.01,9924608,1622016,,
410.39,dataset_api,obsrv-dataset-api,running,4.7,0.047,396222464,14581760,,
410.39,command_api,obsrv-command-api,running,2.67,0.027,75735040,46215168,,
410.39,web_console,obsrv-web-console,running,2.96,0.03,283426816,1171456,,
410.39,keycloak,obsrv-keycloak,running,0.71,0.007,575188992,9969664,,
410.39,nginx,obsrv-nginx,running,0.43,0.004,1732608,143360,,
410.39,prometheus,obsrv-prometheus,running,0.83,0.008,293494784,19517440,,
416.42,kafka,obsrv-kafka,running,32.55,0.326,435941376,418504704,,
416.42,zookeeper,obsrv-zookeeper,running,0.9,0.009,128249856,2273280,,
416.42,postgres,obsrv-postgres,running,2.03,0.02,31997952,59559936,,
416.42,druid,obsrv-druid,running,13.69,0.137,3334967296,15441920,,
416.42,up_jobmanager,obsrv-unified-pipeline-jobmanager,running,22.49,0.225,597061632,21528576,,
416.42,up_taskmanager,obsrv-unified-pipeline-taskmanager,running,59.95,0.599,1748164608,21901312,,
416.42,ci_jobmanager,obsrv-cache-indexer-jobmanager,running,7.04,0.07,571846656,22978560,,
416.42,ci_taskmanager,obsrv-cache-indexer-taskmanager,running,7.55,0.076,701464576,22069248,,
416.42,valkey_dedup,obsrv-valkey-dedup,running,0.9,0.009,12005376,1400832,,
416.42,valkey_denorm,obsrv-valkey-denorm,running,0.78,0.008,9932800,1622016,,
416.42,dataset_api,obsrv-dataset-api,running,5.15,0.051,396222464,14581760,,
416.42,command_api,obsrv-command-api,running,2.79,0.028,75739136,46215168,,
416.42,web_console,obsrv-web-console,running,1.71,0.017,283422720,1171456,,
416.42,keycloak,obsrv-keycloak,running,0.87,0.009,575184896,9969664,,
416.42,nginx,obsrv-nginx,running,0.65,0.006,1732608,143360,,
416.42,prometheus,obsrv-prometheus,running,4.16,0.042,293490688,19529728,,
422.09,kafka,obsrv-kafka,running,2.32,0.023,435941376,418504704,,
422.09,zookeeper,obsrv-zookeeper,running,1.18,0.012,128249856,2273280,,
422.09,postgres,obsrv-postgres,running,1.6,0.016,32002048,59559936,,
422.09,druid,obsrv-druid,running,11.08,0.111,3334975488,15441920,,
422.09,up_jobmanager,obsrv-unified-pipeline-jobmanager,running,10.39,0.104,597286912,21528576,,
422.09,up_taskmanager,obsrv-unified-pipeline-taskmanager,running,7.01,0.07,1748185088,21901312,,
422.09,ci_jobmanager,obsrv-cache-indexer-jobmanager,running,4.55,0.045,571858944,22978560,,
422.09,ci_taskmanager,obsrv-cache-indexer-taskmanager,running,9.09,0.091,701513728,22069248,,
422.09,valkey_dedup,obsrv-valkey-dedup,running,1.16,0.012,12005376,1400832,,
422.09,valkey_denorm,obsrv-valkey-denorm,running,0.65,0.007,9924608,1622016,,
422.09,dataset_api,obsrv-dataset-api,running,4.98,0.05,396222464,14581760,,
422.09,command_api,obsrv-command-api,running,3.24,0.032,75735040,46215168,,
422.09,web_console,obsrv-web-console,running,3.4,0.034,283426816,1171456,,
422.09,keycloak,obsrv-keycloak,running,0.8,0.008,575188992,9969664,,
422.09,nginx,obsrv-nginx,running,0.48,0.005,1732608,143360,,
422.09,prometheus,obsrv-prometheus,running,0.79,0.008,293490688,19529728,,
427.34,kafka,obsrv-kafka,running,35.4,0.354,435941376,418504704,,
427.34,zookeeper,obsrv-zookeeper,running,0.71,0.007,128253952,2273280,,
427.34,postgres,obsrv-postgres,running,1.77,0.018,32010240,59559936,,
427.34,druid,obsrv-druid,running,14.01,0.14,3334979584,15441920,,
427.34,up_jobmanager,obsrv-unified-pipeline-jobmanager,running,23.1,0.231,597327872,21528576,,
427.34,up_taskmanager,obsrv-unified-pipeline-taskmanager,running,20.33,0.203,1748586496,21901312,,
427.34,ci_jobmanager,obsrv-cache-indexer-jobmanager,running,6.12,0.061,571895808,22978560,,
427.34,ci_taskmanager,obsrv-cache-indexer-taskmanager,running,7.7,0.077,701513728,22069248,,
427.34,valkey_dedup,obsrv-valkey-dedup,running,1.19,0.012,12013568,1400832,,
427.34,valkey_denorm,obsrv-valkey-denorm,running,0.9,0.009,9928704,1622016,,
427.34,dataset_api,obsrv-dataset-api,running,5.44,0.054,396312576,14581760,,
427.34,command_api,obsrv-command-api,running,3.33,0.033,75735040,46215168,,
427.34,web_console,obsrv-web-console,running,2.34,0.023,283426816,1171456,,
427.34,keycloak,obsrv-keycloak,running,0.83,0.008,575188992,9969664,,
427.34,nginx,obsrv-nginx,running,0.56,0.006,1728512,143360,,
427.34,prometheus,obsrv-prometheus,running,1.67,0.017,293490688,19533824,,
432.49,kafka,obsrv-kafka,running,2.77,0.028,435941376,418508800,,
432.49,zookeeper,obsrv-zookeeper,running,1.48,0.015,128249856,2273280,,
432.49,postgres,obsrv-postgres,running,1.84,0.018,32006144,59559936,,
432.49,druid,obsrv-druid,running,9.61,0.096,3334979584,15441920,,
432.49,up_jobmanager,obsrv-unified-pipeline-jobmanager,running,9.3,0.093,597344256,21528576,,
432.49,up_taskmanager,obsrv-unified-pipeline-taskmanager,running,8.76,0.088,1748746240,21901312,,
432.49,ci_jobmanager,obsrv-cache-indexer-jobmanager,running,4.25,0.043,571895808,22978560,,
432.49,ci_taskmanager,obsrv-cache-indexer-taskmanager,running,4.75,0.047,701517824,22069248,,
432.49,valkey_dedup,obsrv-valkey-dedup,running,0.71,0.007,12009472,1400832,,
432.49,valkey_denorm,obsrv-valkey-denorm,running,0.65,0.006,9932800,1622016,,
432.49,dataset_api,obsrv-dataset-api,running,4.71,0.047,396222464,14581760,,
432.49,command_api,obsrv-command-api,running,3.0,0.03,75735040,46215168,,
432.49,web_console,obsrv-web-console,running,3.57,0.036,283426816,1171456,,
432.49,keycloak,obsrv-keycloak,running,0.86,0.009,575184896,9969664,,
432.49,nginx,obsrv-nginx,running,0.48,0.005,1732608,143360,,
432.49,prometheus,obsrv-prometheus,running,1.07,0.011,293507072,19533824,,
438.05,kafka,obsrv-kafka,running,42.38,0.424,435941376,418508800,,
438.05,zookeeper,obsrv-zookeeper,running,1.08,0.011,128245760,2273280,,
438.05,postgres,obsrv-postgres,running,2.22,0.022,32006144,59568128,,
438.05,druid,obsrv-druid,running,33.99,0.34,3335032832,15441920,,
438.05,up_jobmanager,obsrv-unified-pipeline-jobmanager,running,21.27,0.213,597430272,21528576,,
438.05,up_taskmanager,obsrv-unified-pipeline-taskmanager,running,11.15,0.111,1748762624,21901312,,
438.05,ci_jobmanager,obsrv-cache-indexer-jobmanager,running,9.39,0.094,572211200,22978560,,
438.05,ci_taskmanager,obsrv-cache-indexer-taskmanager,running,11.59,0.116,701558784,22069248,,
438.05,valkey_dedup,obsrv-valkey-dedup,running,1.4,0.014,12009472,1400832,,
438.05,valkey_denorm,obsrv-valkey-denorm,running,0.92,0.009,9924608,1622016,,
438.05,dataset_api,obsrv-dataset-api,running,6.51,0.065,396222464,14581760,,
438.05,command_api,obsrv-command-api,running,3.43,0.034,75739136,46215168,,
438.05,web_console,obsrv-web-console,running,2.08,0.021,283426816,1171456,,
438.05,keycloak,obsrv-keycloak,running,0.77,0.008,575184896,9969664,,
438.05,nginx,obsrv-nginx,running,0.51,0.005,1732608,143360,,
438.05,prometheus,obsrv-prometheus,running,1.49,0.015,293507072,19537920,,
443.88,kafka,obsrv-kafka,running,2.42,0.024,435941376,418508800,,
443.88,zookeeper,obsrv-zookeeper,running,1.51,0.015,128249856,2273280,,
443.88,postgres,obsrv-postgres,running,2.05,0.021,31997952,59568128,,
443.88,druid,obsrv-druid,running,36.03,0.36,3334987776,15441920,,
443.88,up_jobmanager,obsrv-unified-pipeline-jobmanager,running,10.54,0.105,597454848,21528576,,
443.88,up_taskmanager,obsrv-unified-pipeline-taskmanager,running,57.37,0.574,1748779008,21901312,,
443.88,ci_jobmanager,obsrv-cache-indexer-jobmanager,running,5.75,0.057,572215296,22978560,,
443.88,ci_taskmanager,obsrv-cache-indexer-taskmanager,running,25.53,0.255,701685760,22069248,,
443.88,valkey_dedup,obsrv-valkey-dedup,running,1.28,0.013,12005376,1400832,,
443.88,valkey_denorm,obsrv-valkey-denorm,running,0.71,0.007,9928704,1622016,,
443.88,dataset_api,obsrv-dataset-api,running,2.09,0.021,396230656,14581760,,
443.88,command_api,obsrv-command-api,running,2.42,0.024,75735040,46215168,,
443.88,web_console,obsrv-web-console,running,2.61,0.026,283426816,1171456,,
443.88,keycloak,obsrv-keycloak,running,0.54,0.005,575188992,9969664,,
443.88,nginx,obsrv-nginx,running,0.32,0.003,1732608,143360,,
443.88,prometheus,obsrv-prometheus,running,4.35,0.044,270434304,19550208,,
452.74,kafka,obsrv-kafka,running,35.85,0.359,435941376,418512896,,
452.74,zookeeper,obsrv-zookeeper,running,1.33,0.013,128245760,2273280,,
452.74,postgres,obsrv-postgres,running,3.45,0.035,31997952,59568128,,
452.74,druid,obsrv-druid,running,12.22,0.122,3334987776,15441920,,
452.74,up_jobmanager,obsrv-unified-pipeline-jobmanager,running,21.17,0.212,597528576,21528576,,
452.74,up_taskmanager,obsrv-unified-pipeline-taskmanager,running,30.49,0.305,1748860928,21901312,,
452.74,ci_jobmanager,obsrv-cache-indexer-jobmanager,running,5.89,0.059,572235776,22978560,,
452.74,ci_taskmanager,obsrv-cache-indexer-taskmanager,running,10.0,0.1,701698048,22069248,,
452.74,valkey_dedup,obsrv-valkey-dedup,running,0.99,0.01,12013568,1400832,,
452.74,valkey_denorm,obsrv-valkey-denorm,running,0.59,0.006,9932800,1622016,,
452.74,dataset_api,obsrv-dataset-api,running,2.38,0.024,396230656,14581760,,
452.74,command_api,obsrv-command-api,running,2.81,0.028,75735040,46215168,,
452.74,web_console,obsrv-web-console,running,4.05,0.04,283426816,1171456,,
452.74,keycloak,obsrv-keycloak,running,0.74,0.007,575184896,9969664,,
452.74,nginx,obsrv-nginx,running,0.74,0.007,1732608,143360,,
452.74,prometheus,obsrv-prometheus,running,0.85,0.008,270434304,19550208,,
458.19,kafka,obsrv-kafka,running,2.89,0.029,435945472,418512896,,
458.19,zookeeper,obsrv-zookeeper,running,0.77,0.008,128253952,2273280,,
458.19,postgres,obsrv-postgres,running,1.66,0.017,32010240,59576320,,
458.19,druid,obsrv-druid,running,13.21,0.132,3335012352,15441920,,
458.19,up_jobmanager,obsrv-unified-pipeline-jobmanager,running,13.51,0.135,597872640,21528576,,
458.19,up_taskmanager,obsrv-unified-pipeline-taskmanager,running,17.42,0.174,1748979712,21901312,,
458.19,ci_jobmanager,obsrv-cache-indexer-jobmanager,running,7.64,0.076,572297216,22978560,,
458.19,ci_taskmanager,obsrv-cache-indexer-taskmanager,running,9.8,0.098,701739008,22069248,,
458.19,valkey_dedup,obsrv-valkey-dedup,running,1.24,0.012,12009472,1400832,,
458.19,valkey_denorm,obsrv-valkey-denorm,running,1.11,0.011,9924608,1622016,,
458.19,dataset_api,obsrv-dataset-api,running,1.95,0.02,396320768,14581760,,
458.19,command_api,obsrv-command-api,running,3.04,0.03,75735040,46215168,,
458.19,web_console,obsrv-web-console,running,1.91,0.019,283422720,1171456,,
458.19,keycloak,obsrv-keycloak,running,0.71,0.007,575184896,9969664,,
458.19,nginx,obsrv-nginx,running,0.47,0.005,1732608,143360,,
458.19,prometheus,obsrv-prometheus,running,0.91,0.009,270438400,19554304,,
463.91,kafka,obsrv-kafka,running,39.33,0.393,435941376,418516992,,
463.91,zookeeper,obsrv-zookeeper,running,1.17,0.012,128249856,2273280,,
463.91,postgres,obsrv-postgres,running,2.13,0.021,32014336,59584512,,
463.91,druid,obsrv-druid,running,11.53,0.115,3335016448,15441920,,
463.91,up_jobmanager,obsrv-unified-pipeline-jobmanager,running,20.64,0.206,598638592,21528576,,
463.91,up_taskmanager,obsrv-unified-pipeline-taskmanager,running,24.39,0.244,1749159936,21901312,,
463.91,ci_jobmanager,obsrv-cache-indexer-jobmanager,running,6.1,0.061,572309504,22978560,,
463.91,ci_taskmanager,obsrv-cache-indexer-taskmanager,running,9.32,0.093,701771776,22069248,,
463.91,valkey_dedup,obsrv-valkey-dedup,running,1.05,0.01,12005376,1400832,,
463.91,valkey_denorm,obsrv-valkey-denorm,running,0.61,0.006,9928704,1622016,,
463.91,dataset_api,obsrv-dataset-api,running,2.31,0.023,396324864,14581760,,
463.91,command_api,obsrv-command-api,running,2.97,0.03,75735040,46215168,,
463.91,web_console,obsrv-web-console,running,3.18,0.032,283426816,1171456,,
463.91,keycloak,obsrv-keycloak,running,0.7,0.007,575184896,9969664,,
463.91,nginx,obsrv-nginx,running,0.49,0.005,1728512,143360,,
463.91,prometheus,obsrv-prometheus,running,1.27,0.013,270462976,19554304,,
469.92,kafka,obsrv-kafka,running,3.21,0.032,435941376,418516992,,
469.92,zookeeper,obsrv-zookeeper,running,0.89,0.009,128249856,2273280,,
469.92,postgres,obsrv-postgres,running,1.97,0.02,32006144,59584512,,
469.92,druid,obsrv-druid,running,25.64,0.256,3336888320,15441920,,
469.92,up_jobmanager,obsrv-unified-pipeline-jobmanager,running,10.67,0.107,602693632,21528576,,
469.92,up_taskmanager,obsrv-unified-pipeline-taskmanager,running,12.42,0.124,1752338432,21901312,,
469.92,ci_jobmanager,obsrv-cache-indexer-jobmanager,running,10.19,0.102,572477440,22978560,,
469.92,ci_taskmanager,obsrv-cache-indexer-taskmanager,running,10.29,0.103,701784064,22069248,,
469.92,valkey_dedup,obsrv-valkey-dedup,running,1.29,0.013,12009472,1400832,,
469.92,valkey_denorm,obsrv-valkey-denorm,running,0.81,0.008,9924608,1622016,,
469.92,dataset_api,obsrv-dataset-api,running,1.91,0.019,398331904,14581760,,
469.92,command_api,obsrv-command-api,running,3.19,0.032,75735040,46215168,,
469.92,web_console,obsrv-web-console,running,3.54,0.035,283426816,1171456,,
469.92,keycloak,obsrv-keycloak,running,1.09,0.011,575184896,9969664,,
469.92,nginx,obsrv-nginx,running,0.65,0.007,1732608,143360,,
469.92,prometheus,obsrv-prometheus,running,0.94,0.009,270630912,19554304,,
478.51,kafka,obsrv-kafka,running,43.82,0.438,435941376,418516992,,
478.51,zookeeper,obsrv-zookeeper,running,0.78,0.008,128249856,2273280,,
478.51,postgres,obsrv-postgres,running,2.34,0.023,31997952,59584512,,
478.51,druid,obsrv-druid,running,21.22,0.212,3335127040,15441920,,
478.51,up_jobmanager,obsrv-unified-pipeline-jobmanager,running,20.7,0.207,600637440,21528576,,
478.51,up_taskmanager,obsrv-unified-pipeline-taskmanager,running,53.41,0.534,1749254144,21901312,,
478.51,ci_jobmanager,obsrv-cache-indexer-jobmanager,running,6.35,0.063,572588032,22978560,,
478.51,ci_taskmanager,obsrv-cache-indexer-taskmanager,running,21.19,0.212,701964288,22069248,,
478.51,valkey_dedup,obsrv-valkey-dedup,running,1.08,0.011,12009472,1400832,,
478.51,valkey_denorm,obsrv-valkey-denorm,running,0.83,0.008,9924608,1622016,,
478.51,dataset_api,obsrv-dataset-api,running,1.81,0.018,396320768,14581760,,
478.51,command_api,obsrv-command-api,running,2.83,0.028,75735040,46215168,,
478.51,web_console,obsrv-web-console,running,3.5,0.035,283426816,1171456,,
478.51,keycloak,obsrv-keycloak,running,1.08,0.011,575184896,9969664,,
478.51,nginx,obsrv-nginx,running,0.38,0.004,1732608,143360,,
478.51,prometheus,obsrv-prometheus,running,2.78,0.028,270778368,19570688,,
