elapsed_sec,topic,partitions,consumed,end_offset,remaining,records_consumed_delta,lag_reduction,events_per_sec,events_per_min,eta_sec
0.0,ingest,4,48525,68525,20000,0,0,0.0,0.0,
67.77,ingest,4,48887,68525,19638,362,362,5.34,320.5,3676.4
139.48,ingest,4,53397,68525,15128,4510,4510,62.89,3773.5,240.5
209.11,ingest,4,55584,68525,12941,2187,2187,31.41,1884.5,412.0
277.63,ingest,4,59572,68525,8953,3988,3988,58.21,3492.4,153.8
344.8,ingest,4,63619,68525,4906,4047,4047,60.25,3615.0,81.4
409.11,ingest,4,68525,68525,0,4906,4906,76.28,4576.8,0.0
476.87,ingest,4,68525,68525,0,0,0,0.0,0.0,
487.18,ingest,4,68525,68525,0,0,0,0.0,0.0,
