elapsed_sec,minute,consumed,remaining,events_per_sec,events_per_min,lag_reduction,eta_sec,flink_records_out,flink_heap_used,druid_rows,host_cpu_pct,host_mem_pct
0.0,0,48525,20000,0.0,0.0,0,,0,0.0,201,43.8,72.03
67.77,1,48887,19638,5.34,320.5,362,3676.4,975,131482224.0,1865,84.59,77.06
139.48,2,53397,15128,62.89,3773.5,4510,240.5,5637,231790296.0,6107,86.76,79.95
209.11,3,55584,12941,31.41,1884.5,2187,412.0,7059,225229888.0,8166,83.3,80.27
277.63,4,59572,8953,58.21,3492.4,3988,153.8,12668,243314224.0,12872,78.53,81.8
344.8,5,63619,4906,60.25,3615.0,4047,81.4,15934,217013432.0,16811,82.15,83.65
409.11,6,68525,0,76.28,4576.8,4906,0.0,20000,216850432.0,19801,58.39,84.37
476.87,7,68525,0,0.0,0.0,0,,20000,213042088.0,19801,46.31,84.34
487.18,8,68525,0,0.0,0.0,0,,20000,213042088.0,19801,46.31,84.34
